region,clust,profil
Auvergne et Rhône-Alpes,2,Profil territorial globalement favorable
Bourgogne et Franche-Comté,4,Profil de défavorisation et de santé défavorable
Bretagne,2,Profil territorial globalement favorable
Centre-Val de Loire,4,Profil de défavorisation et de santé défavorable
Corse,3,Profil de santé contrasté
Grand Est,4,Profil de défavorisation et de santé défavorable
Hauts-de-France,4,Profil de défavorisation et de santé défavorable
Normandie,4,Profil de défavorisation et de santé défavorable
Nouvelle Aquitaine,3,Profil de santé contrasté
Occitanie,3,Profil de santé contrasté
Pays de la Loire,2,Profil territorial globalement favorable
Provence-Alpes-Côte d'Azur,3,Profil de santé contrasté
Île-de-France,1,Profil francilien atypique
