Indicateur,Ancienneté du diabète,Sexe,Classe d'âge,Nouvelles régions,PCS,Diplôme,Situation professionnelle,Situation financière perçue,Estimation,IC 95%,Effectif Brut,Différence avec les autres régions,Année,ic_inf,ic_sup,Chapitre,Effectif.Brut
Diabète déclaré,Tous,Tous,40-49 ans,Tous,Tous,Tous,Tous,Tous,2.8,"[ 2,3 - 3,3 ]",6234,NA,2024,2.3,3.3,Diabète,6234
Diabète déclaré,Tous,Tous,50-59 ans,Tous,Tous,Tous,Tous,Tous,8.1,"[ 7,3 - 9,0 ]",6559,NA,2024,7.3,9,Diabète,6559
Diabète déclaré,Tous,Tous,60-69 ans,Tous,Tous,Tous,Tous,Tous,13.6,"[ 12,5 - 14,8 ]",6116,NA,2024,12.5,14.8,Diabète,6116
Diabète déclaré,Tous,Tous,70-79 ans,Tous,Tous,Tous,Tous,Tous,19.5,"[ 17,9 - 21,1 ]",4085,NA,2024,17.9,21.1,Diabète,4085
Diabète déclaré,Tous,Hommes,60-69 ans,Tous,Tous,Tous,Tous,Tous,16.2,"[ 14,5 - 18,1 ]",2803,NA,2024,14.5,18.1,Diabète,2803
Diabète déclaré,Tous,Femmes,18-29 ans,Tous,Tous,Tous,Tous,Tous,-30,[  -  ],3308,NA,2024,NA,NA,Diabète,3308
Diabète déclaré,Tous,Femmes,70-79 ans,Tous,Tous,Tous,Tous,Tous,14,"[ 12,2 - 16,1 ]",2147,NA,2024,12.2,16.1,Diabète,2147
Diabète déclaré,Tous,Tous,Tous,Tous,Tous,Bac,Tous,Tous,5,"[ 4,5 - 5,6 ]",8332,NA,2024,4.5,5.6,Diabète,8332
Diabète déclaré,Tous,Hommes,Tous,Tous,Tous,Bac,Tous,Tous,6.4,"[ 5,5 - 7,4 ]",3810,NA,2024,5.5,7.4,Diabète,3810
Diabète déclaré,Tous,Hommes,Tous,Tous,Tous,Supérieur au Bac,Tous,Tous,4.4,"[ 3,8 - 5,0 ]",6377,NA,2024,3.8,5,Diabète,6377
Diabète déclaré,Tous,Femmes,Tous,Tous,Tous,Aucun diplôme ou inférieur au Bac,Tous,Tous,10.2,"[ 9,3 - 11,3 ]",6026,NA,2024,9.3,11.3,Diabète,6026
Diabète déclaré,Tous,Hommes,Tous,Tous,Cadres et professions intellectuelles supérieures,Tous,Tous,Tous,6,"[ 5,1 - 6,9 ]",3854,NA,2024,5.1,6.9,Diabète,3854
Diabète déclaré,Tous,Hommes,Tous,Tous,Professions intermédiaires,Tous,Tous,Tous,8.5,"[ 7,4 - 9,6 ]",3797,NA,2024,7.4,9.6,Diabète,3797
Diabète déclaré,Tous,Femmes,Tous,Tous,Ouvriers,Tous,Tous,Tous,10.3,"[ 8,2 - 12,8 ]",1255,NA,2024,8.2,12.8,Diabète,1255
Diabète déclaré,Tous,Femmes,Tous,Tous,Professions intermédiaires,Tous,Tous,Tous,3.7,"[ 3,1 - 4,4 ]",5260,NA,2024,3.1,4.4,Diabète,5260
Diabète déclaré,Tous,Hommes,Tous,Tous,Tous,Tous,Tous,"C’est juste, il faut faire attention",9.6,"[ 8,6 - 10,6 ]",5405,NA,2024,8.6,10.6,Diabète,5405
Diabète déclaré,Tous,Femmes,Tous,Tous,Tous,Tous,Tous,"C’est juste, il faut faire attention",6.7,"[ 5,9 - 7,6 ]",6602,NA,2024,5.9,7.6,Diabète,6602
Diabète déclaré,Tous,Femmes,Tous,Tous,Tous,Tous,Tous,Vous y arrivez difficilement ou vous ne pouvez pas y arriver sans faire de dette,8.3,"[ 6,9 - 9,8 ]",3201,NA,2024,6.9,9.8,Diabète,3201
Diabète déclaré,Tous,Femmes,Tous,Tous,Tous,Tous,Tous,Vous êtes à l’aise,3.1,"[ 2,2 - 4,3 ]",2454,NA,2024,2.2,4.3,Diabète,2454
Diabète déclaré,Tous,Hommes,Tous,Tous,Tous,Tous,Autres inactifs,Tous,8.4,"[ 6,5 - 10,7 ]",1117,NA,2024,6.5,10.7,Diabète,1117
Diabète déclaré,Tous,Hommes,Tous,Tous,Tous,Tous,Etudes,Tous,-30,[  -  ],1093,NA,2024,NA,NA,Diabète,1093
Diabète déclaré,Tous,Hommes,Tous,Tous,Tous,Tous,Retraite,Tous,21.2,"[ 19,6 - 22,9 ]",4017,NA,2024,19.6,22.9,Diabète,4017
Diabète déclaré,Tous,Femmes,Tous,Tous,Tous,Tous,Etudes,Tous,-30,[  -  ],1435,NA,2024,NA,NA,Diabète,1435
Diabète déclaré,Tous,Tous,Tous,Bourgogne-Franche-Comté,Tous,Tous,Tous,Tous,7.7,"[ 6,1 - 9,6 ]",1554,Pas de différence significative,2024,6.1,9.6,Diabète,1554
Diabète déclaré,Tous,Tous,Tous,Bretagne,Tous,Tous,Tous,Tous,5,"[ 4,0 - 6,3 ]",1856,Inférieure,2024,4,6.3,Diabète,1856
Diabète déclaré,Tous,Tous,Tous,Centre-Val de Loire,Tous,Tous,Tous,Tous,8.2,"[ 6,6 - 10,1 ]",1482,Pas de différence significative,2024,6.6,10.1,Diabète,1482
Diabète déclaré,Tous,Tous,Tous,Grand Est,Tous,Tous,Tous,Tous,7.8,"[ 6,6 - 9,1 ]",2401,Pas de différence significative,2024,6.6,9.1,Diabète,2401
Diabète déclaré,Tous,Tous,Tous,Hauts-de-France,Tous,Tous,Tous,Tous,8.9,"[ 7,6 - 10,4 ]",2538,Supérieure,2024,7.6,10.4,Diabète,2538
Diabète déclaré,Tous,Tous,Tous,Ile-de-France,Tous,Tous,Tous,Tous,6,"[ 5,1 - 7,1 ]",3884,Pas de différence significative,2024,5.1,7.1,Diabète,3884
Diabète déclaré,Tous,Tous,Tous,Martinique,Tous,Tous,Tous,Tous,12,"[ 9,5 - 14,8 ]",1364,Supérieure,2024,9.5,14.8,Diabète,1364
Diabète déclaré,Tous,Tous,Tous,Nouvelle-Aquitaine,Tous,Tous,Tous,Tous,6.7,"[ 5,6 - 8,0 ]",2577,Pas de différence significative,2024,5.6,8,Diabète,2577
Diabète déclaré,Tous,Tous,Tous,Occitanie,Tous,Tous,Tous,Tous,7.2,"[ 6,0 - 8,6 ]",2575,Pas de différence significative,2024,6,8.6,Diabète,2575
Diabète déclaré,Tous,Tous,Tous,Provence-Alpes-Côte d'Azur,Tous,Tous,Tous,Tous,7,"[ 5,8 - 8,4 ]",2149,Pas de différence significative,2024,5.8,8.4,Diabète,2149
Diabète déclaré,Tous,Tous,Tous,Réunion,Tous,Tous,Tous,Tous,12.6,"[ 10,3 - 15,3 ]",1568,Supérieure,2024,10.3,15.3,Diabète,1568
Diabète déclaré,Tous,Tous,Tous,Tous,Tous,Tous,Tous,Tous,7.1,"[ 6,8 - 7,5 ]",34940,NA,2024,6.8,7.5,Diabète,34940
Diabète déclaré,Tous,Hommes,30-39 ans,Tous,Tous,Tous,Tous,Tous,1.2,"[ 0,7 - 1,8 ]",2544,NA,2024,0.7,1.8,Diabète,2544
Diabète déclaré,Tous,Hommes,40-49 ans,Tous,Tous,Tous,Tous,Tous,3.4,"[ 2,6 - 4,3 ]",2867,NA,2024,2.6,4.3,Diabète,2867
Diabète déclaré,Tous,Hommes,50-59 ans,Tous,Tous,Tous,Tous,Tous,9.7,"[ 8,4 - 11,0 ]",3050,NA,2024,8.4,11,Diabète,3050
Diabète déclaré,Tous,Hommes,70-79 ans,Tous,Tous,Tous,Tous,Tous,26,"[ 23,5 - 28,6 ]",1938,NA,2024,23.5,28.6,Diabète,1938
Diabète déclaré,Tous,Tous,Tous,Tous,"Agriculteurs, artisans, commerçants, chefs d’entreprise",Tous,Tous,Tous,7.5,"[ 6,3 - 8,9 ]",2545,NA,2024,6.3,8.9,Diabète,2545
Diabète déclaré,Tous,Tous,Tous,Tous,Cadres et professions intellectuelles supérieures,Tous,Tous,Tous,4.5,"[ 4,0 - 5,2 ]",6858,NA,2024,4,5.2,Diabète,6858
Diabète déclaré,Tous,Hommes,Tous,Tous,"Agriculteurs, artisans, commerçants, chefs d’entreprise",Tous,Tous,Tous,9.1,"[ 7,4 - 10,9 ]",1638,NA,2024,7.4,10.9,Diabète,1638
Diabète déclaré,Tous,Hommes,Tous,Tous,Employés,Tous,Tous,Tous,8.7,"[ 7,1 - 10,5 ]",1770,NA,2024,7.1,10.5,Diabète,1770
Diabète déclaré,Tous,Femmes,Tous,Tous,"Agriculteurs, artisans, commerçants, chefs d’entreprise",Tous,Tous,Tous,4.5,"[ 3,0 - 6,6 ]",907,NA,2024,3,6.6,Diabète,907
Diabète déclaré,Tous,Femmes,Tous,Tous,Cadres et professions intellectuelles supérieures,Tous,Tous,Tous,2.6,"[ 2,0 - 3,4 ]",3004,NA,2024,2,3.4,Diabète,3004
Diabète déclaré,Tous,Femmes,Tous,Tous,Employés,Tous,Tous,Tous,7.1,"[ 6,3 - 7,9 ]",7009,NA,2024,6.3,7.9,Diabète,7009
Diabète déclaré,Tous,Tous,Tous,Tous,Tous,Tous,Tous,Vous êtes à l’aise,4.5,"[ 3,7 - 5,4 ]",4854,NA,2024,3.7,5.4,Diabète,4854
Diabète déclaré,Tous,Hommes,Tous,Tous,Tous,Tous,Tous,Vous y arrivez difficilement ou vous ne pouvez pas y arriver sans faire de dette,10.4,"[ 8,9 - 12,1 ]",2388,NA,2024,8.9,12.1,Diabète,2388
Diabète déclaré,Tous,Hommes,Tous,Tous,Tous,Tous,Tous,Vous êtes à l’aise,5.9,"[ 4,7 - 7,3 ]",2400,NA,2024,4.7,7.3,Diabète,2400
Diabète déclaré,Tous,Femmes,Tous,Tous,Tous,Tous,Tous,Ça va,4.7,"[ 4,1 - 5,5 ]",6637,NA,2024,4.1,5.5,Diabète,6637
Diabète déclaré,Tous,Tous,Tous,Tous,Tous,Tous,Autres inactifs,Tous,7.9,"[ 6,6 - 9,2 ]",3003,NA,2024,6.6,9.2,Diabète,3003
Diabète déclaré,Tous,Tous,Tous,Tous,Tous,Tous,Etudes,Tous,-30,[  -  ],2528,NA,2024,NA,NA,Diabète,2528
Diabète déclaré,Tous,Tous,Tous,Tous,Tous,Tous,Retraite,Tous,17.1,"[ 16,0 - 18,2 ]",8422,NA,2024,16,18.2,Diabète,8422
Diabète déclaré,Tous,Hommes,Tous,Tous,Tous,Tous,Chômage,Tous,6,"[ 4,3 - 8,0 ]",1215,NA,2024,4.3,8,Diabète,1215
Diabète déclaré,Tous,Femmes,Tous,Tous,Tous,Tous,Chômage,Tous,5.1,"[ 3,6 - 7,1 ]",1532,NA,2024,3.6,7.1,Diabète,1532
Diabète déclaré,Tous,Femmes,Tous,Tous,Tous,Tous,Retraite,Tous,13.3,"[ 12,0 - 14,8 ]",4405,NA,2024,12,14.8,Diabète,4405
Diabète déclaré,Tous,Femmes,Tous,Tous,Tous,Tous,Travail,Tous,2.6,"[ 2,2 - 3,0 ]",9636,NA,2024,2.2,3,Diabète,9636
Diabète déclaré,Tous,Tous,Tous,Corse,Tous,Tous,Tous,Tous,8.4,"[ 6,1 - 11,2 ]",1460,Pas de différence significative,2024,6.1,11.2,Diabète,1460
Diabète déclaré,Tous,Tous,Tous,Guyane,Tous,Tous,Tous,Tous,6.9,"[ 4,9 - 9,4 ]",1298,Pas de différence significative,2024,4.9,9.4,Diabète,1298
Diabète déclaré,Tous,Tous,Tous,Normandie,Tous,Tous,Tous,Tous,7.8,"[ 6,4 - 9,4 ]",1672,Pas de différence significative,2024,6.4,9.4,Diabète,1672
Diabète déclaré,Tous,Tous,18-29 ans,Tous,Tous,Tous,Tous,Tous,0.7,"[ 0,4 - 1,0 ]",6152,NA,2024,0.4,1,Diabète,6152
Diabète déclaré,Tous,Tous,30-39 ans,Tous,Tous,Tous,Tous,Tous,1.4,"[ 1,0 - 1,8 ]",5794,NA,2024,1,1.8,Diabète,5794
Diabète déclaré,Tous,Hommes,Tous,Tous,Tous,Tous,Tous,Tous,8.6,"[ 8,0 - 9,1 ]",16046,NA,2024,8,9.1,Diabète,16046
Diabète déclaré,Tous,Hommes,18-29 ans,Tous,Tous,Tous,Tous,Tous,-30,[  -  ],2844,NA,2024,NA,NA,Diabète,2844
Diabète déclaré,Tous,Femmes,Tous,Tous,Tous,Tous,Tous,Tous,5.8,"[ 5,4 - 6,3 ]",18894,NA,2024,5.4,6.3,Diabète,18894
Diabète déclaré,Tous,Femmes,30-39 ans,Tous,Tous,Tous,Tous,Tous,1.6,"[ 1,1 - 2,2 ]",3250,NA,2024,1.1,2.2,Diabète,3250
Diabète déclaré,Tous,Femmes,40-49 ans,Tous,Tous,Tous,Tous,Tous,2.2,"[ 1,7 - 3,0 ]",3367,NA,2024,1.7,3,Diabète,3367
Diabète déclaré,Tous,Femmes,50-59 ans,Tous,Tous,Tous,Tous,Tous,6.6,"[ 5,5 - 7,9 ]",3509,NA,2024,5.5,7.9,Diabète,3509
Diabète déclaré,Tous,Femmes,60-69 ans,Tous,Tous,Tous,Tous,Tous,11.3,"[ 9,8 - 12,9 ]",3313,NA,2024,9.8,12.9,Diabète,3313
Diabète déclaré,Tous,Tous,Tous,Tous,Tous,Aucun diplôme ou inférieur au Bac,Tous,Tous,11.5,"[ 10,8 - 12,3 ]",11885,NA,2024,10.8,12.3,Diabète,11885
Diabète déclaré,Tous,Tous,Tous,Tous,Tous,Supérieur au Bac,Tous,Tous,3.3,"[ 2,9 - 3,6 ]",14723,NA,2024,2.9,3.6,Diabète,14723
Diabète déclaré,Tous,Hommes,Tous,Tous,Tous,Aucun diplôme ou inférieur au Bac,Tous,Tous,12.7,"[ 11,7 - 13,8 ]",5859,NA,2024,11.7,13.8,Diabète,5859
Diabète déclaré,Tous,Femmes,Tous,Tous,Tous,Bac,Tous,Tous,3.7,"[ 3,1 - 4,5 ]",4522,NA,2024,3.1,4.5,Diabète,4522
Diabète déclaré,Tous,Femmes,Tous,Tous,Tous,Supérieur au Bac,Tous,Tous,2.3,"[ 2,0 - 2,8 ]",8346,NA,2024,2,2.8,Diabète,8346
Diabète déclaré,Tous,Tous,Tous,Tous,Employés,Tous,Tous,Tous,7.4,"[ 6,7 - 8,1 ]",8779,NA,2024,6.7,8.1,Diabète,8779
Diabète déclaré,Tous,Tous,Tous,Tous,Ouvriers,Tous,Tous,Tous,11,"[ 9,9 - 12,1 ]",5357,NA,2024,9.9,12.1,Diabète,5357
Diabète déclaré,Tous,Tous,Tous,Tous,Professions intermédiaires,Tous,Tous,Tous,5.9,"[ 5,3 - 6,5 ]",9057,NA,2024,5.3,6.5,Diabète,9057
Diabète déclaré,Tous,Hommes,Tous,Tous,Ouvriers,Tous,Tous,Tous,11.2,"[ 10,0 - 12,5 ]",4102,NA,2024,10,12.5,Diabète,4102
Diabète déclaré,Tous,Tous,Tous,Tous,Tous,Tous,Tous,"C’est juste, il faut faire attention",8.1,"[ 7,4 - 8,7 ]",12007,NA,2024,7.4,8.7,Diabète,12007
Diabète déclaré,Tous,Tous,Tous,Tous,Tous,Tous,Tous,Vous y arrivez difficilement ou vous ne pouvez pas y arriver sans faire de dette,9.3,"[ 8,3 - 10,4 ]",5589,NA,2024,8.3,10.4,Diabète,5589
Diabète déclaré,Tous,Tous,Tous,Tous,Tous,Tous,Tous,Ça va,6.2,"[ 5,7 - 6,7 ]",12490,NA,2024,5.7,6.7,Diabète,12490
Diabète déclaré,Tous,Hommes,Tous,Tous,Tous,Tous,Tous,Ça va,7.7,"[ 6,9 - 8,6 ]",5853,NA,2024,6.9,8.6,Diabète,5853
Diabète déclaré,Tous,Tous,Tous,Tous,Tous,Tous,Chômage,Tous,5.6,"[ 4,4 - 6,9 ]",2747,NA,2024,4.4,6.9,Diabète,2747
Diabète déclaré,Tous,Tous,Tous,Tous,Tous,Tous,Travail,Tous,3.4,"[ 3,1 - 3,7 ]",18240,NA,2024,3.1,3.7,Diabète,18240
Diabète déclaré,Tous,Hommes,Tous,Tous,Tous,Tous,Travail,Tous,4.2,"[ 3,7 - 4,8 ]",8604,NA,2024,3.7,4.8,Diabète,8604
Diabète déclaré,Tous,Femmes,Tous,Tous,Tous,Tous,Autres inactifs,Tous,7.5,"[ 6,0 - 9,3 ]",1886,NA,2024,6,9.3,Diabète,1886
Diabète déclaré,Tous,Tous,Tous,Auvergne-Rhône-Alpes,Tous,Tous,Tous,Tous,6.6,"[ 5,5 - 7,7 ]",3044,Pas de différence significative,2024,5.5,7.7,Diabète,3044
Diabète déclaré,Tous,Tous,Tous,Guadeloupe,Tous,Tous,Tous,Tous,13.5,"[ 10,9 - 16,5 ]",1491,Supérieure,2024,10.9,16.5,Diabète,1491
Diabète déclaré,Tous,Tous,Tous,Pays de la Loire,Tous,Tous,Tous,Tous,6.9,"[ 5,6 - 8,3 ]",2027,Pas de différence significative,2024,5.6,8.3,Diabète,2027
