Sexe,Classe d'âge,Estimation,ic_inf,ic_sup,Effectif.Brut
Tous,40-49 ans,2.8,2.3,3.3,6234
Tous,50-59 ans,8.1,7.3,9,6559
Tous,60-69 ans,13.6,12.5,14.8,6116
Tous,70-79 ans,19.5,17.9,21.1,4085
Hommes,60-69 ans,16.2,14.5,18.1,2803
Femmes,18-29 ans,NA,NA,NA,3308
Femmes,70-79 ans,14,12.2,16.1,2147
Hommes,30-39 ans,1.2,0.7,1.8,2544
Hommes,40-49 ans,3.4,2.6,4.3,2867
Hommes,50-59 ans,9.7,8.4,11,3050
Hommes,70-79 ans,26,23.5,28.6,1938
Tous,18-29 ans,0.7,0.4,1,6152
Tous,30-39 ans,1.4,1,1.8,5794
Hommes,18-29 ans,NA,NA,NA,2844
Femmes,30-39 ans,1.6,1.1,2.2,3250
Femmes,40-49 ans,2.2,1.7,3,3367
Femmes,50-59 ans,6.6,5.5,7.9,3509
Femmes,60-69 ans,11.3,9.8,12.9,3313
