region,fdep_pondere,diabete_declare,diabete_attendu,residu_diabete,importance_ecart,position
Bretagne,-0.02166549123367871,5,7.040186276747298,-2.0401862767472982,2.0401862767472982,En dessous de la tendance
Nouvelle-Aquitaine,0.0999462630265211,6.7,7.273035576479485,-0.5730355764794846,0.5730355764794846,En dessous de la tendance
Pays de la Loire,0.1363218717264385,6.9,7.342683737256652,-0.4426837372566519,0.4426837372566519,En dessous de la tendance
Auvergne-Rhône-Alpes,-0.16657714988965597,6.6,6.762724789193403,-0.16272478919340294,0.16272478919340294,En dessous de la tendance
Normandie,0.4126949238000054,7.8,7.8718535698247045,-0.0718535698247047,0.0718535698247047,En dessous de la tendance
Bourgogne-Franche-Comté,0.34996948783168297,7.7,7.751753552112848,-0.0517535521128476,0.0517535521128476,En dessous de la tendance
Provence-Alpes-Côte d'Azur,-0.06562921405608717,7,6.956009199168803,0.043990800831196886,0.043990800831196886,Au-dessus de la tendance
Occitanie,0.03563117686386473,7.2,7.149891865032417,0.050108134967583595,0.050108134967583595,Au-dessus de la tendance
Grand Est,0.31736432786074414,7.8,7.689324647003519,0.11067535299648057,0.11067535299648057,Au-dessus de la tendance
Île-de-France,-0.8258139505985189,6,5.500488023211789,0.49951197678821124,0.49951197678821124,Au-dessus de la tendance
Centre-Val de Loire,0.30295900049127145,8.2,7.661742852704114,0.5382571472958855,0.5382571472958855,Au-dessus de la tendance
Hauts-de-France,0.6042568695894668,8.9,8.238636083601904,0.6613639163980967,0.6613639163980967,Au-dessus de la tendance
Corse,-0.06267279991958138,8.4,6.9616698276630755,1.4383301723369248,1.4383301723369248,Au-dessus de la tendance
