Indicateur,PCS,Estimation,ic_inf,ic_sup,Effectif.Brut
Limitation d'activité,Cadres et professions intellectuelles supérieures,19.9,18.8,21.1,6850
Limitation d'activité,Employés,29.1,27.9,30.3,8759
Limitation d'activité,"Agriculteurs, artisans, commerçants, chefs d’entreprise",26.8,24.7,29,2543
Limitation d'activité,Ouvriers,30.9,29.4,32.5,5343
Limitation d'activité,Professions intermédiaires,23.9,22.8,24.9,9046
Santé perçue bonne ou très bonne,Professions intermédiaires,71.1,69.9,72.2,9052
Santé perçue bonne ou très bonne,"Agriculteurs, artisans, commerçants, chefs d’entreprise",68.1,65.8,70.4,2543
Santé perçue bonne ou très bonne,Cadres et professions intellectuelles supérieures,77.9,76.7,79,6851
Santé perçue bonne ou très bonne,Employés,62,60.7,63.3,8763
Santé perçue bonne ou très bonne,Ouvriers,61.7,60.1,63.3,5350
Diabète déclaré,"Agriculteurs, artisans, commerçants, chefs d’entreprise",7.5,6.3,8.9,2545
Diabète déclaré,Cadres et professions intellectuelles supérieures,4.5,4,5.2,6858
Diabète déclaré,Employés,7.4,6.7,8.1,8779
Diabète déclaré,Ouvriers,11,9.9,12.1,5357
Diabète déclaré,Professions intermédiaires,5.9,5.3,6.5,9057
