Indicateur,Situation financière perçue,Estimation,ic_inf,ic_sup,Effectif.Brut,situation_financiere
Limitation d'activité,"C’est juste, il faut faire attention",28.4,27.4,29.4,11975,C'est juste
Limitation d'activité,Vous êtes à l’aise,16.3,15.1,17.6,4850,À l'aise
Limitation d'activité,Vous y arrivez difficilement ou vous ne pouvez pas y arriver sans faire de dette,40.1,38.4,41.9,5573,Difficultés financières
Limitation d'activité,Ça va,20.7,19.8,21.5,12477,Ça va
Santé perçue bonne ou très bonne,"C’est juste, il faut faire attention",64.1,63,65.2,11996,C'est juste
Santé perçue bonne ou très bonne,Vous y arrivez difficilement ou vous ne pouvez pas y arriver sans faire de dette,50.4,48.6,52.2,5580,Difficultés financières
Santé perçue bonne ou très bonne,Vous êtes à l’aise,82.5,81.1,83.8,4851,À l'aise
Santé perçue bonne ou très bonne,Ça va,74.5,73.6,75.4,12475,Ça va
Diabète déclaré,Vous êtes à l’aise,4.5,3.7,5.4,4854,À l'aise
Diabète déclaré,"C’est juste, il faut faire attention",8.1,7.4,8.7,12007,C'est juste
Diabète déclaré,Vous y arrivez difficilement ou vous ne pouvez pas y arriver sans faire de dette,9.3,8.3,10.4,5589,Difficultés financières
Diabète déclaré,Ça va,6.2,5.7,6.7,12490,Ça va
