Indicateur,Sexe,Classe d'âge,Diplôme,Nouvelles régions,PCS,Situation financière perçue,Estimation,IC 95%,Effectif Brut,Différence avec les autres régions,Année,ic_inf,ic_sup,Chapitre,Effectif.Brut
Limitation d'activité,Tous,Tous,Tous,Grand Est,Tous,Tous,28.1,"[ 26,1 - 30,3 ]",2399,Pas de différence significative,2024,26.1,30.3,Santé générale,2399
Limitation d'activité,Tous,Tous,Tous,Hauts-de-France,Tous,Tous,28,"[ 26,1 - 30,1 ]",2531,Supérieure,2024,26.1,30.1,Santé générale,2531
Limitation d'activité,Tous,Tous,Tous,Martinique,Tous,Tous,30.6,"[ 27,1 - 34,3 ]",1359,Pas de différence significative,2024,27.1,34.3,Santé générale,1359
Limitation d'activité,Tous,Tous,Tous,Normandie,Tous,Tous,25.4,"[ 23,1 - 27,8 ]",1668,Pas de différence significative,2024,23.1,27.8,Santé générale,1668
Limitation d'activité,Tous,Tous,Tous,Nouvelle-Aquitaine,Tous,Tous,28.7,"[ 26,7 - 30,7 ]",2575,Pas de différence significative,2024,26.7,30.7,Santé générale,2575
Limitation d'activité,Tous,Tous,Tous,Provence-Alpes-Côte d'Azur,Tous,Tous,28,"[ 25,9 - 30,2 ]",2143,Pas de différence significative,2024,25.9,30.2,Santé générale,2143
Limitation d'activité,Tous,Tous,Tous,Bretagne,Tous,Tous,23.6,"[ 21,5 - 25,7 ]",1854,Inférieure,2024,21.5,25.7,Santé générale,1854
Limitation d'activité,Tous,Tous,Tous,Corse,Tous,Tous,30.2,"[ 27,1 - 33,4 ]",1456,Supérieure,2024,27.1,33.4,Santé générale,1456
Limitation d'activité,Tous,Tous,Tous,Guadeloupe,Tous,Tous,30.5,"[ 27,2 - 34,0 ]",1486,Pas de différence significative,2024,27.2,34,Santé générale,1486
Limitation d'activité,Tous,Tous,Tous,Occitanie,Tous,Tous,28.1,"[ 26,1 - 30,1 ]",2572,Pas de différence significative,2024,26.1,30.1,Santé générale,2572
Limitation d'activité,Tous,Tous,Tous,Pays de la Loire,Tous,Tous,23.9,"[ 21,9 - 26,0 ]",2023,Inférieure,2024,21.9,26,Santé générale,2023
Limitation d'activité,Tous,Tous,Tous,Réunion,Tous,Tous,27,"[ 24,1 - 30,1 ]",1564,Pas de différence significative,2024,24.1,30.1,Santé générale,1564
Limitation d'activité,Tous,Tous,Tous,Auvergne-Rhône-Alpes,Tous,Tous,25.4,"[ 23,6 - 27,2 ]",3039,Pas de différence significative,2024,23.6,27.2,Santé générale,3039
Limitation d'activité,Tous,Tous,Tous,Bourgogne-Franche-Comté,Tous,Tous,27.7,"[ 25,1 - 30,4 ]",1553,Pas de différence significative,2024,25.1,30.4,Santé générale,1553
Limitation d'activité,Tous,Tous,Tous,Centre-Val de Loire,Tous,Tous,25.8,"[ 23,3 - 28,5 ]",1481,Pas de différence significative,2024,23.3,28.5,Santé générale,1481
Limitation d'activité,Tous,Tous,Tous,Guyane,Tous,Tous,26.4,"[ 22,2 - 30,8 ]",1294,Pas de différence significative,2024,22.2,30.8,Santé générale,1294
Limitation d'activité,Tous,Tous,Tous,Ile-de-France,Tous,Tous,21.8,"[ 20,3 - 23,4 ]",3878,Inférieure,2024,20.3,23.4,Santé générale,3878
Santé perçue bonne ou très bonne,Tous,Tous,Tous,Auvergne-Rhône-Alpes,Tous,Tous,69.3,"[ 67,4 - 71,2 ]",3042,Pas de différence significative,2024,67.4,71.2,Santé générale,3042
Santé perçue bonne ou très bonne,Tous,Tous,Tous,Bretagne,Tous,Tous,71,"[ 68,8 - 73,2 ]",1856,Supérieure,2024,68.8,73.2,Santé générale,1856
Santé perçue bonne ou très bonne,Tous,Tous,Tous,Hauts-de-France,Tous,Tous,65,"[ 62,9 - 67,1 ]",2532,Inférieure,2024,62.9,67.1,Santé générale,2532
Santé perçue bonne ou très bonne,Tous,Tous,Tous,Ile-de-France,Tous,Tous,71,"[ 69,3 - 72,7 ]",3878,Pas de différence significative,2024,69.3,72.7,Santé générale,3878
Santé perçue bonne ou très bonne,Tous,Tous,Tous,Martinique,Tous,Tous,52.4,"[ 48,7 - 56,1 ]",1361,Inférieure,2024,48.7,56.1,Santé générale,1361
Santé perçue bonne ou très bonne,Tous,Tous,Tous,Pays de la Loire,Tous,Tous,71,"[ 68,7 - 73,2 ]",2026,Supérieure,2024,68.7,73.2,Santé générale,2026
Santé perçue bonne ou très bonne,Tous,Tous,Tous,Corse,Tous,Tous,68.4,"[ 65,5 - 71,2 ]",1459,Pas de différence significative,2024,65.5,71.2,Santé générale,1459
Santé perçue bonne ou très bonne,Tous,Tous,Tous,Guadeloupe,Tous,Tous,53.4,"[ 49,8 - 57,0 ]",1490,Inférieure,2024,49.8,57,Santé générale,1490
Santé perçue bonne ou très bonne,Tous,Tous,Tous,Normandie,Tous,Tous,67.7,"[ 65,1 - 70,2 ]",1669,Pas de différence significative,2024,65.1,70.2,Santé générale,1669
Santé perçue bonne ou très bonne,Tous,Tous,Tous,Nouvelle-Aquitaine,Tous,Tous,66.3,"[ 64,2 - 68,3 ]",2574,Pas de différence significative,2024,64.2,68.3,Santé générale,2574
Santé perçue bonne ou très bonne,Tous,Tous,Tous,Provence-Alpes-Côte d'Azur,Tous,Tous,68.1,"[ 65,8 - 70,3 ]",2147,Pas de différence significative,2024,65.8,70.3,Santé générale,2147
Santé perçue bonne ou très bonne,Tous,Tous,Tous,Bourgogne-Franche-Comté,Tous,Tous,65.7,"[ 62,9 - 68,4 ]",1553,Pas de différence significative,2024,62.9,68.4,Santé générale,1553
Santé perçue bonne ou très bonne,Tous,Tous,Tous,Centre-Val de Loire,Tous,Tous,66.7,"[ 63,9 - 69,4 ]",1480,Pas de différence significative,2024,63.9,69.4,Santé générale,1480
Santé perçue bonne ou très bonne,Tous,Tous,Tous,Grand Est,Tous,Tous,65.4,"[ 63,2 - 67,6 ]",2398,Inférieure,2024,63.2,67.6,Santé générale,2398
Santé perçue bonne ou très bonne,Tous,Tous,Tous,Guyane,Tous,Tous,61.8,"[ 57,4 - 66,1 ]",1295,Inférieure,2024,57.4,66.1,Santé générale,1295
Santé perçue bonne ou très bonne,Tous,Tous,Tous,Occitanie,Tous,Tous,68.5,"[ 66,4 - 70,5 ]",2575,Pas de différence significative,2024,66.4,70.5,Santé générale,2575
Santé perçue bonne ou très bonne,Tous,Tous,Tous,Réunion,Tous,Tous,56.2,"[ 52,8 - 59,5 ]",1567,Inférieure,2024,52.8,59.5,Santé générale,1567
