code_region,region,nb_communes,population,fdep_pondere,fedi_pondere,apl_pondere,nb_apl_manquante,nb_population_manquante,nb_fdep_manquant,nb_fedi_manquant
11,Île-de-France,1286,10452369,-0.6022306484722437,5.670811806504626,2.9039634555573,21,21,0,0
24,Centre-Val de Loire,1756,2644169,0.30295900049127145,2.9943701544687595,2.9291788838005437,2,2,0,0
27,Bourgogne et Franche-Comté,3697,2872652,0.34996948783168297,2.997697163102731,3.470204883849488,12,12,0,0
28,Normandie,2651,3413531,0.4126949238000054,3.73654357597987,3.533433151771582,8,8,0,0
32,Hauts-de-France,3787,6081265,0.6042568695894668,5.1688895396113885,4.130863841651367,6,6,0,0
44,Grand Est,5112,5664044,0.31736432786074414,4.109309791715249,4.021193126324584,3,3,0,0
52,Pays de la Loire,1230,3977199,0.1363218717264385,1.5741993950033648,3.5564559379603584,5,5,0,0
53,Bretagne,1206,3537071,-0.021665491233678717,1.1400413069483617,3.990034155378843,4,4,0,0
75,Nouvelle Aquitaine,4305,6288233,0.0999462630265211,2.661265060663675,4.1254652936683485,12,12,0,0
76,Occitanie,4453,6244610,0.03563117686386473,3.5338690295351816,3.9456986425092997,8,8,0,0
84,Auvergne et Rhône-Alpes,4035,7843095,-0.09918092036750045,2.5394984384052526,3.5808197656664875,16,16,0,0
93,Provence-Alpes-Côte d'Azur,961,4400664,-0.11624226193172482,3.843621706578758,4.0671837250015,16,16,0,0
94,Corse,360,360270,-0.06267279991958138,4.925688333081522,3.806617536847365,0,0,0,0
