Indicateur,Ancienneté du diabète,Sexe,Classe d'âge ,Nouvelles régions,PCS ,Diplôme ,Situation professionnelle,Situation financière perçue,Estimation,IC 95%,Effectif Brut,Différence avec les autres régions,Année,ic_inf,ic_sup,Chapitre
Diabète déclaré,Tous,Tous,40-49 ans,Tous,Tous,Tous,Tous,Tous,2.8,"[ 2,3 - 3,3 ]",6234.0,,2024,2.3,3.3,Diabète
Diabète déclaré,Tous,Tous,50-59 ans,Tous,Tous,Tous,Tous,Tous,8.1,"[ 7,3 - 9,0 ]",6559.0,,2024,7.3,9.0,Diabète
Diabète déclaré,Tous,Tous,60-69 ans,Tous,Tous,Tous,Tous,Tous,13.6,"[ 12,5 - 14,8 ]",6116.0,,2024,12.5,14.8,Diabète
Diabète déclaré,Tous,Tous,70-79 ans,Tous,Tous,Tous,Tous,Tous,19.5,"[ 17,9 - 21,1 ]",4085.0,,2024,17.9,21.1,Diabète
Diabète déclaré,Tous,Hommes,60-69 ans,Tous,Tous,Tous,Tous,Tous,16.2,"[ 14,5 - 18,1 ]",2803.0,,2024,14.5,18.1,Diabète
Diabète déclaré,Tous,Femmes,18-29 ans,Tous,Tous,Tous,Tous,Tous,-30.0,[  -  ],3308.0,,2024,,,Diabète
Diabète déclaré,Tous,Femmes,70-79 ans,Tous,Tous,Tous,Tous,Tous,14.0,"[ 12,2 - 16,1 ]",2147.0,,2024,12.2,16.1,Diabète
Diabète déclaré,Tous,Tous,Tous,Tous,Tous,Bac,Tous,Tous,5.0,"[ 4,5 - 5,6 ]",8332.0,,2024,4.5,5.6,Diabète
Diabète déclaré,Tous,Hommes,Tous,Tous,Tous,Bac,Tous,Tous,6.4,"[ 5,5 - 7,4 ]",3810.0,,2024,5.5,7.4,Diabète
Diabète déclaré,Tous,Hommes,Tous,Tous,Tous,Supérieur au Bac,Tous,Tous,4.4,"[ 3,8 - 5,0 ]",6377.0,,2024,3.8,5.0,Diabète
Diabète déclaré,Tous,Femmes,Tous,Tous,Tous,Aucun diplôme ou inférieur au Bac,Tous,Tous,10.2,"[ 9,3 - 11,3 ]",6026.0,,2024,9.3,11.3,Diabète
Diabète déclaré,Tous,Hommes,Tous,Tous,Cadres et professions intellectuelles supérieures,Tous,Tous,Tous,6.0,"[ 5,1 - 6,9 ]",3854.0,,2024,5.1,6.9,Diabète
Diabète déclaré,Tous,Hommes,Tous,Tous,Professions intermédiaires,Tous,Tous,Tous,8.5,"[ 7,4 - 9,6 ]",3797.0,,2024,7.4,9.6,Diabète
Diabète déclaré,Tous,Femmes,Tous,Tous,Ouvriers,Tous,Tous,Tous,10.3,"[ 8,2 - 12,8 ]",1255.0,,2024,8.2,12.8,Diabète
Diabète déclaré,Tous,Femmes,Tous,Tous,Professions intermédiaires,Tous,Tous,Tous,3.7,"[ 3,1 - 4,4 ]",5260.0,,2024,3.1,4.4,Diabète
Diabète déclaré,Tous,Hommes,Tous,Tous,Tous,Tous,Tous,"C’est juste, il faut faire attention",9.6,"[ 8,6 - 10,6 ]",5405.0,,2024,8.6,10.6,Diabète
Diabète déclaré,Tous,Femmes,Tous,Tous,Tous,Tous,Tous,"C’est juste, il faut faire attention",6.7,"[ 5,9 - 7,6 ]",6602.0,,2024,5.9,7.6,Diabète
Diabète déclaré,Tous,Femmes,Tous,Tous,Tous,Tous,Tous,Vous y arrivez difficilement ou vous ne pouvez pas y arriver sans faire de dette,8.3,"[ 6,9 - 9,8 ]",3201.0,,2024,6.9,9.8,Diabète
Diabète déclaré,Tous,Femmes,Tous,Tous,Tous,Tous,Tous,Vous êtes à l’aise,3.1,"[ 2,2 - 4,3 ]",2454.0,,2024,2.2,4.3,Diabète
Diabète déclaré,Tous,Hommes,Tous,Tous,Tous,Tous,Autres inactifs,Tous,8.4,"[ 6,5 - 10,7 ]",1117.0,,2024,6.5,10.7,Diabète
Diabète déclaré,Tous,Hommes,Tous,Tous,Tous,Tous,Etudes,Tous,-30.0,[  -  ],1093.0,,2024,,,Diabète
Diabète déclaré,Tous,Hommes,Tous,Tous,Tous,Tous,Retraite,Tous,21.2,"[ 19,6 - 22,9 ]",4017.0,,2024,19.6,22.9,Diabète
Diabète déclaré,Tous,Femmes,Tous,Tous,Tous,Tous,Etudes,Tous,-30.0,[  -  ],1435.0,,2024,,,Diabète
Diabète déclaré,Tous,Tous,Tous,Bourgogne-Franche-Comté,Tous,Tous,Tous,Tous,7.7,"[ 6,1 - 9,6 ]",1554.0,Pas de différence significative,2024,6.1,9.6,Diabète
Diabète déclaré,Tous,Tous,Tous,Bretagne,Tous,Tous,Tous,Tous,5.0,"[ 4,0 - 6,3 ]",1856.0,Inférieure,2024,4.0,6.3,Diabète
Diabète déclaré,Tous,Tous,Tous,Centre-Val de Loire,Tous,Tous,Tous,Tous,8.2,"[ 6,6 - 10,1 ]",1482.0,Pas de différence significative,2024,6.6,10.1,Diabète
Diabète déclaré,Tous,Tous,Tous,Grand Est,Tous,Tous,Tous,Tous,7.8,"[ 6,6 - 9,1 ]",2401.0,Pas de différence significative,2024,6.6,9.1,Diabète
Diabète déclaré,Tous,Tous,Tous,Hauts-de-France,Tous,Tous,Tous,Tous,8.9,"[ 7,6 - 10,4 ]",2538.0,Supérieure,2024,7.6,10.4,Diabète
Diabète déclaré,Tous,Tous,Tous,Ile-de-France,Tous,Tous,Tous,Tous,6.0,"[ 5,1 - 7,1 ]",3884.0,Pas de différence significative,2024,5.1,7.1,Diabète
Diabète déclaré,Tous,Tous,Tous,Martinique,Tous,Tous,Tous,Tous,12.0,"[ 9,5 - 14,8 ]",1364.0,Supérieure,2024,9.5,14.8,Diabète
Diabète déclaré,Tous,Tous,Tous,Nouvelle-Aquitaine,Tous,Tous,Tous,Tous,6.7,"[ 5,6 - 8,0 ]",2577.0,Pas de différence significative,2024,5.6,8.0,Diabète
Diabète déclaré,Tous,Tous,Tous,Occitanie,Tous,Tous,Tous,Tous,7.2,"[ 6,0 - 8,6 ]",2575.0,Pas de différence significative,2024,6.0,8.6,Diabète
Diabète déclaré,Tous,Tous,Tous,Provence-Alpes-Côte d'Azur,Tous,Tous,Tous,Tous,7.0,"[ 5,8 - 8,4 ]",2149.0,Pas de différence significative,2024,5.8,8.4,Diabète
Diabète déclaré,Tous,Tous,Tous,Réunion,Tous,Tous,Tous,Tous,12.6,"[ 10,3 - 15,3 ]",1568.0,Supérieure,2024,10.3,15.3,Diabète
Diabète déclaré,Tous,Tous,Tous,Tous,Tous,Tous,Tous,Tous,7.1,"[ 6,8 - 7,5 ]",34940.0,,2024,6.8,7.5,Diabète
Diabète déclaré,Tous,Hommes,30-39 ans,Tous,Tous,Tous,Tous,Tous,1.2,"[ 0,7 - 1,8 ]",2544.0,,2024,0.7,1.8,Diabète
Diabète déclaré,Tous,Hommes,40-49 ans,Tous,Tous,Tous,Tous,Tous,3.4,"[ 2,6 - 4,3 ]",2867.0,,2024,2.6,4.3,Diabète
Diabète déclaré,Tous,Hommes,50-59 ans,Tous,Tous,Tous,Tous,Tous,9.7,"[ 8,4 - 11,0 ]",3050.0,,2024,8.4,11.0,Diabète
Diabète déclaré,Tous,Hommes,70-79 ans,Tous,Tous,Tous,Tous,Tous,26.0,"[ 23,5 - 28,6 ]",1938.0,,2024,23.5,28.6,Diabète
Diabète déclaré,Tous,Tous,Tous,Tous,"Agriculteurs, artisans, commerçants, chefs d’entreprise",Tous,Tous,Tous,7.5,"[ 6,3 - 8,9 ]",2545.0,,2024,6.3,8.9,Diabète
Diabète déclaré,Tous,Tous,Tous,Tous,Cadres et professions intellectuelles supérieures,Tous,Tous,Tous,4.5,"[ 4,0 - 5,2 ]",6858.0,,2024,4.0,5.2,Diabète
Diabète déclaré,Tous,Hommes,Tous,Tous,"Agriculteurs, artisans, commerçants, chefs d’entreprise",Tous,Tous,Tous,9.1,"[ 7,4 - 10,9 ]",1638.0,,2024,7.4,10.9,Diabète
Diabète déclaré,Tous,Hommes,Tous,Tous,Employés,Tous,Tous,Tous,8.7,"[ 7,1 - 10,5 ]",1770.0,,2024,7.1,10.5,Diabète
Diabète déclaré,Tous,Femmes,Tous,Tous,"Agriculteurs, artisans, commerçants, chefs d’entreprise",Tous,Tous,Tous,4.5,"[ 3,0 - 6,6 ]",907.0,,2024,3.0,6.6,Diabète
Diabète déclaré,Tous,Femmes,Tous,Tous,Cadres et professions intellectuelles supérieures,Tous,Tous,Tous,2.6,"[ 2,0 - 3,4 ]",3004.0,,2024,2.0,3.4,Diabète
Diabète déclaré,Tous,Femmes,Tous,Tous,Employés,Tous,Tous,Tous,7.1,"[ 6,3 - 7,9 ]",7009.0,,2024,6.3,7.9,Diabète
Diabète déclaré,Tous,Tous,Tous,Tous,Tous,Tous,Tous,Vous êtes à l’aise,4.5,"[ 3,7 - 5,4 ]",4854.0,,2024,3.7,5.4,Diabète
Diabète déclaré,Tous,Hommes,Tous,Tous,Tous,Tous,Tous,Vous y arrivez difficilement ou vous ne pouvez pas y arriver sans faire de dette,10.4,"[ 8,9 - 12,1 ]",2388.0,,2024,8.9,12.1,Diabète
Diabète déclaré,Tous,Hommes,Tous,Tous,Tous,Tous,Tous,Vous êtes à l’aise,5.9,"[ 4,7 - 7,3 ]",2400.0,,2024,4.7,7.3,Diabète
Diabète déclaré,Tous,Femmes,Tous,Tous,Tous,Tous,Tous,Ça va,4.7,"[ 4,1 - 5,5 ]",6637.0,,2024,4.1,5.5,Diabète
Diabète déclaré,Tous,Tous,Tous,Tous,Tous,Tous,Autres inactifs,Tous,7.9,"[ 6,6 - 9,2 ]",3003.0,,2024,6.6,9.2,Diabète
Diabète déclaré,Tous,Tous,Tous,Tous,Tous,Tous,Etudes,Tous,-30.0,[  -  ],2528.0,,2024,,,Diabète
Diabète déclaré,Tous,Tous,Tous,Tous,Tous,Tous,Retraite,Tous,17.1,"[ 16,0 - 18,2 ]",8422.0,,2024,16.0,18.2,Diabète
Diabète déclaré,Tous,Hommes,Tous,Tous,Tous,Tous,Chômage,Tous,6.0,"[ 4,3 - 8,0 ]",1215.0,,2024,4.3,8.0,Diabète
Diabète déclaré,Tous,Femmes,Tous,Tous,Tous,Tous,Chômage,Tous,5.1,"[ 3,6 - 7,1 ]",1532.0,,2024,3.6,7.1,Diabète
Diabète déclaré,Tous,Femmes,Tous,Tous,Tous,Tous,Retraite,Tous,13.3,"[ 12,0 - 14,8 ]",4405.0,,2024,12.0,14.8,Diabète
Diabète déclaré,Tous,Femmes,Tous,Tous,Tous,Tous,Travail,Tous,2.6,"[ 2,2 - 3,0 ]",9636.0,,2024,2.2,3.0,Diabète
Diabète déclaré,Tous,Tous,Tous,Corse,Tous,Tous,Tous,Tous,8.4,"[ 6,1 - 11,2 ]",1460.0,Pas de différence significative,2024,6.1,11.2,Diabète
Diabète déclaré,Tous,Tous,Tous,Guyane,Tous,Tous,Tous,Tous,6.9,"[ 4,9 - 9,4 ]",1298.0,Pas de différence significative,2024,4.9,9.4,Diabète
Diabète déclaré,Tous,Tous,Tous,Normandie,Tous,Tous,Tous,Tous,7.8,"[ 6,4 - 9,4 ]",1672.0,Pas de différence significative,2024,6.4,9.4,Diabète
Diabète déclaré,Tous,Tous,18-29 ans,Tous,Tous,Tous,Tous,Tous,0.7,"[ 0,4 - 1,0 ]",6152.0,,2024,0.4,1.0,Diabète
Diabète déclaré,Tous,Tous,30-39 ans,Tous,Tous,Tous,Tous,Tous,1.4,"[ 1,0 - 1,8 ]",5794.0,,2024,1.0,1.8,Diabète
Diabète déclaré,Tous,Hommes,Tous,Tous,Tous,Tous,Tous,Tous,8.6,"[ 8,0 - 9,1 ]",16046.0,,2024,8.0,9.1,Diabète
Diabète déclaré,Tous,Hommes,18-29 ans,Tous,Tous,Tous,Tous,Tous,-30.0,[  -  ],2844.0,,2024,,,Diabète
Diabète déclaré,Tous,Femmes,Tous,Tous,Tous,Tous,Tous,Tous,5.8,"[ 5,4 - 6,3 ]",18894.0,,2024,5.4,6.3,Diabète
Diabète déclaré,Tous,Femmes,30-39 ans,Tous,Tous,Tous,Tous,Tous,1.6,"[ 1,1 - 2,2 ]",3250.0,,2024,1.1,2.2,Diabète
Diabète déclaré,Tous,Femmes,40-49 ans,Tous,Tous,Tous,Tous,Tous,2.2,"[ 1,7 - 3,0 ]",3367.0,,2024,1.7,3.0,Diabète
Diabète déclaré,Tous,Femmes,50-59 ans,Tous,Tous,Tous,Tous,Tous,6.6,"[ 5,5 - 7,9 ]",3509.0,,2024,5.5,7.9,Diabète
Diabète déclaré,Tous,Femmes,60-69 ans,Tous,Tous,Tous,Tous,Tous,11.3,"[ 9,8 - 12,9 ]",3313.0,,2024,9.8,12.9,Diabète
Diabète déclaré,Tous,Tous,Tous,Tous,Tous,Aucun diplôme ou inférieur au Bac,Tous,Tous,11.5,"[ 10,8 - 12,3 ]",11885.0,,2024,10.8,12.3,Diabète
Diabète déclaré,Tous,Tous,Tous,Tous,Tous,Supérieur au Bac,Tous,Tous,3.3,"[ 2,9 - 3,6 ]",14723.0,,2024,2.9,3.6,Diabète
Diabète déclaré,Tous,Hommes,Tous,Tous,Tous,Aucun diplôme ou inférieur au Bac,Tous,Tous,12.7,"[ 11,7 - 13,8 ]",5859.0,,2024,11.7,13.8,Diabète
Diabète déclaré,Tous,Femmes,Tous,Tous,Tous,Bac,Tous,Tous,3.7,"[ 3,1 - 4,5 ]",4522.0,,2024,3.1,4.5,Diabète
Diabète déclaré,Tous,Femmes,Tous,Tous,Tous,Supérieur au Bac,Tous,Tous,2.3,"[ 2,0 - 2,8 ]",8346.0,,2024,2.0,2.8,Diabète
Diabète déclaré,Tous,Tous,Tous,Tous,Employés,Tous,Tous,Tous,7.4,"[ 6,7 - 8,1 ]",8779.0,,2024,6.7,8.1,Diabète
Diabète déclaré,Tous,Tous,Tous,Tous,Ouvriers,Tous,Tous,Tous,11.0,"[ 9,9 - 12,1 ]",5357.0,,2024,9.9,12.1,Diabète
Diabète déclaré,Tous,Tous,Tous,Tous,Professions intermédiaires,Tous,Tous,Tous,5.9,"[ 5,3 - 6,5 ]",9057.0,,2024,5.3,6.5,Diabète
Diabète déclaré,Tous,Hommes,Tous,Tous,Ouvriers,Tous,Tous,Tous,11.2,"[ 10,0 - 12,5 ]",4102.0,,2024,10.0,12.5,Diabète
Diabète déclaré,Tous,Tous,Tous,Tous,Tous,Tous,Tous,"C’est juste, il faut faire attention",8.1,"[ 7,4 - 8,7 ]",12007.0,,2024,7.4,8.7,Diabète
Diabète déclaré,Tous,Tous,Tous,Tous,Tous,Tous,Tous,Vous y arrivez difficilement ou vous ne pouvez pas y arriver sans faire de dette,9.3,"[ 8,3 - 10,4 ]",5589.0,,2024,8.3,10.4,Diabète
Diabète déclaré,Tous,Tous,Tous,Tous,Tous,Tous,Tous,Ça va,6.2,"[ 5,7 - 6,7 ]",12490.0,,2024,5.7,6.7,Diabète
Diabète déclaré,Tous,Hommes,Tous,Tous,Tous,Tous,Tous,Ça va,7.7,"[ 6,9 - 8,6 ]",5853.0,,2024,6.9,8.6,Diabète
Diabète déclaré,Tous,Tous,Tous,Tous,Tous,Tous,Chômage,Tous,5.6,"[ 4,4 - 6,9 ]",2747.0,,2024,4.4,6.9,Diabète
Diabète déclaré,Tous,Tous,Tous,Tous,Tous,Tous,Travail,Tous,3.4,"[ 3,1 - 3,7 ]",18240.0,,2024,3.1,3.7,Diabète
Diabète déclaré,Tous,Hommes,Tous,Tous,Tous,Tous,Travail,Tous,4.2,"[ 3,7 - 4,8 ]",8604.0,,2024,3.7,4.8,Diabète
Diabète déclaré,Tous,Femmes,Tous,Tous,Tous,Tous,Autres inactifs,Tous,7.5,"[ 6,0 - 9,3 ]",1886.0,,2024,6.0,9.3,Diabète
Diabète déclaré,Tous,Tous,Tous,Auvergne-Rhône-Alpes,Tous,Tous,Tous,Tous,6.6,"[ 5,5 - 7,7 ]",3044.0,Pas de différence significative,2024,5.5,7.7,Diabète
Diabète déclaré,Tous,Tous,Tous,Guadeloupe,Tous,Tous,Tous,Tous,13.5,"[ 10,9 - 16,5 ]",1491.0,Supérieure,2024,10.9,16.5,Diabète
Diabète déclaré,Tous,Tous,Tous,Pays de la Loire,Tous,Tous,Tous,Tous,6.9,"[ 5,6 - 8,3 ]",2027.0,Pas de différence significative,2024,5.6,8.3,Diabète
Traitement du diabète : aucun traitement,Tous,Tous,,,Tous,Tous,,,8.6,"[ 7,1 - 10,2 ]",2308.0,,2024,7.1,10.2,Diabète
Traitement du diabète : aucun traitement,Tous,Tous,,,Employés,Tous,,,10.8,"[ 7,7 - 14,5 ]",643.0,,2024,7.7,14.5,Diabète
Traitement du diabète : aucun traitement,Tous,Tous,,,Professions intermédiaires,Tous,,,8.2,"[ 5,7 - 11,3 ]",505.0,,2024,5.7,11.3,Diabète
Traitement du diabète : aucun traitement,Tous,Tous,,,Tous,Tous,,,8.2,"[ 6,8 - 9,8 ]",2280.0,,2024,6.8,9.8,Diabète
Traitement du diabète : aucun traitement,Moins de 5 ans,Tous,,,Tous,Tous,,,11.8,"[ 9,1 - 15,0 ]",724.0,,2024,9.1,15.0,Diabète
Traitement du diabète : aucun traitement,Tous,Tous,,,Tous,Aucun diplôme ou inférieur au Bac,,,8.0,"[ 6,2 - 10,4 ]",1363.0,,2024,6.2,10.4,Diabète
Traitement du diabète : aucun traitement,Tous,Tous,,,Tous,Bac + 3 ou plus,,,10.5,"[ 6,8 - 15,2 ]",313.0,,2024,6.8,15.2,Diabète
Traitement du diabète : aucun traitement,Tous,Tous,,,"Agriculteurs, artisans, commerçants, chefs d’entreprise",Tous,,,-30.0,[  -  ],197.0,,2024,,,Diabète
Traitement du diabète : aucun traitement,De 5 à 10 ans,Tous,,,Tous,Tous,,,6.2,"[ 3,9 - 9,3 ]",483.0,,2024,3.9,9.3,Diabète
Traitement du diabète : aucun traitement,Tous,Tous,,,Tous,Bac ou Bac + 2,,,9.8,"[ 7,2 - 13,0 ]",622.0,,2024,7.2,13.0,Diabète
Traitement du diabète : aucun traitement,Tous,Tous,,,Cadres et professions intellectuelles supérieures,Tous,,,-30.0,[  -  ],327.0,,2024,,,Diabète
Traitement du diabète : aucun traitement,Tous,Tous,,,Ouvriers,Tous,,,8.2,"[ 5,5 - 11,6 ]",553.0,,2024,5.5,11.6,Diabète
Traitement du diabète : aucun traitement,Plus de 10 ans,Tous,,,Tous,Tous,,,6.8,"[ 4,8 - 9,3 ]",1073.0,,2024,4.8,9.3,Diabète
Traitement du diabète : mesures hygiéno-diététiques,Tous,Tous,,,Tous,Bac ou Bac + 2,,,11.3,"[ 8,5 - 14,7 ]",622.0,,2024,8.5,14.7,Diabète
Traitement du diabète : mesures hygiéno-diététiques,Tous,Tous,,,"Agriculteurs, artisans, commerçants, chefs d’entreprise",Tous,,,-30.0,[  -  ],197.0,,2024,,,Diabète
Traitement du diabète : mesures hygiéno-diététiques,Tous,Tous,,,Employés,Tous,,,11.1,"[ 8,2 - 14,5 ]",643.0,,2024,8.2,14.5,Diabète
Traitement du diabète : mesures hygiéno-diététiques,De 5 à 10 ans,Tous,,,Tous,Tous,,,9.2,"[ 6,0 - 13,4 ]",483.0,,2024,6.0,13.4,Diabète
Traitement du diabète : mesures hygiéno-diététiques,Moins de 5 ans,Tous,,,Tous,Tous,,,20.1,"[ 16,3 - 24,3 ]",724.0,,2024,16.3,24.3,Diabète
Traitement du diabète : mesures hygiéno-diététiques,Plus de 10 ans,Tous,,,Tous,Tous,,,5.1,"[ 3,7 - 6,8 ]",1073.0,,2024,3.7,6.8,Diabète
Traitement du diabète : mesures hygiéno-diététiques,Tous,Tous,,,Tous,Tous,,,10.6,"[ 9,0 - 12,3 ]",2308.0,,2024,9.0,12.3,Diabète
Traitement du diabète : mesures hygiéno-diététiques,Tous,Tous,,,Tous,Aucun diplôme ou inférieur au Bac,,,10.2,"[ 8,1 - 12,5 ]",1363.0,,2024,8.1,12.5,Diabète
Traitement du diabète : mesures hygiéno-diététiques,Tous,Tous,,,Cadres et professions intellectuelles supérieures,Tous,,,14.5,"[ 10,1 - 19,9 ]",327.0,,2024,10.1,19.9,Diabète
Traitement du diabète : mesures hygiéno-diététiques,Tous,Tous,,,Ouvriers,Tous,,,7.1,"[ 4,5 - 10,6 ]",553.0,,2024,4.5,10.6,Diabète
Traitement du diabète : mesures hygiéno-diététiques,Tous,Tous,,,Professions intermédiaires,Tous,,,11.4,"[ 8,2 - 15,3 ]",505.0,,2024,8.2,15.3,Diabète
Traitement du diabète : mesures hygiéno-diététiques,Tous,Tous,,,Tous,Bac + 3 ou plus,,,13.1,"[ 9,0 - 18,3 ]",313.0,,2024,9.0,18.3,Diabète
Traitement du diabète : mesures hygiéno-diététiques,Tous,Tous,,,Tous,Tous,,,10.6,"[ 9,0 - 12,4 ]",2280.0,,2024,9.0,12.4,Diabète
Traitement du diabète : traitements pharmacologiques,Tous,Tous,,,Tous,Bac + 3 ou plus,,,76.4,"[ 70,2 - 81,8 ]",313.0,,2024,70.2,81.8,Diabète
Traitement du diabète : traitements pharmacologiques,Tous,Tous,,,"Agriculteurs, artisans, commerçants, chefs d’entreprise",Tous,,,82.5,"[ 74,3 - 88,9 ]",197.0,,2024,74.3,88.9,Diabète
Traitement du diabète : traitements pharmacologiques,De 5 à 10 ans,Tous,,,Tous,Tous,,,84.6,"[ 79,9 - 88,5 ]",483.0,,2024,79.9,88.5,Diabète
Traitement du diabète : traitements pharmacologiques,Moins de 5 ans,Tous,,,Tous,Tous,,,68.1,"[ 63,5 - 72,4 ]",724.0,,2024,63.5,72.4,Diabète
Traitement du diabète : traitements pharmacologiques,Tous,Tous,,,Tous,Aucun diplôme ou inférieur au Bac,,,81.8,"[ 79,0 - 84,4 ]",1363.0,,2024,79.0,84.4,Diabète
Traitement du diabète : traitements pharmacologiques,Tous,Tous,,,Tous,Bac ou Bac + 2,,,78.9,"[ 74,7 - 82,6 ]",622.0,,2024,74.7,82.6,Diabète
Traitement du diabète : traitements pharmacologiques,Tous,Tous,,,Cadres et professions intellectuelles supérieures,Tous,,,77.1,"[ 71,1 - 82,3 ]",327.0,,2024,71.1,82.3,Diabète
Traitement du diabète : traitements pharmacologiques,Tous,Tous,,,Employés,Tous,,,78.2,"[ 73,6 - 82,2 ]",643.0,,2024,73.6,82.2,Diabète
Traitement du diabète : traitements pharmacologiques,Tous,Tous,,,Professions intermédiaires,Tous,,,80.4,"[ 75,9 - 84,4 ]",505.0,,2024,75.9,84.4,Diabète
Traitement du diabète : traitements pharmacologiques,Tous,Tous,,,Tous,Tous,,,81.2,"[ 79,0 - 83,2 ]",2280.0,,2024,79.0,83.2,Diabète
Traitement du diabète : traitements pharmacologiques,Tous,Tous,,,Tous,Tous,,,80.8,"[ 78,7 - 82,9 ]",2308.0,,2024,78.7,82.9,Diabète
Traitement du diabète : traitements pharmacologiques,Tous,Tous,,,Ouvriers,Tous,,,84.7,"[ 80,3 - 88,5 ]",553.0,,2024,80.3,88.5,Diabète
Traitement du diabète : traitements pharmacologiques,Plus de 10 ans,Tous,,,Tous,Tous,,,88.1,"[ 85,3 - 90,6 ]",1073.0,,2024,85.3,90.6,Diabète
