Indicateur,Sexe,Classe d'âge,Diplôme,Nouvelles régions,PCS,Situation financière perçue,Estimation,IC 95%,Effectif Brut,Différence avec les autres régions,Année,ic_inf,ic_sup,Chapitre
Limitation d'activité,Tous,40-49 ans,Tous,Tous,Tous,Tous,23.7,"[ 22,4 - 25,1 ]",6219.0,,2024,22.4,25.1,Santé générale
Limitation d'activité,Tous,50-59 ans,Tous,Tous,Tous,Tous,31.0,"[ 29,6 - 32,4 ]",6544.0,,2024,29.6,32.4,Santé générale
Limitation d'activité,Hommes,60-69 ans,Tous,Tous,Tous,Tous,33.2,"[ 31,1 - 35,4 ]",2798.0,,2024,31.1,35.4,Santé générale
Limitation d'activité,Hommes,70-79 ans,Tous,Tous,Tous,Tous,42.3,"[ 39,6 - 45,1 ]",1936.0,,2024,39.6,45.1,Santé générale
Limitation d'activité,Tous,Tous,Aucun diplôme ou inférieur au Bac,Tous,Tous,Tous,33.4,"[ 32,3 - 34,4 ]",11853.0,,2024,32.3,34.4,Santé générale
Limitation d'activité,Hommes,Tous,Aucun diplôme ou inférieur au Bac,Tous,Tous,Tous,31.7,"[ 30,2 - 33,2 ]",5845.0,,2024,30.2,33.2,Santé générale
Limitation d'activité,Hommes,Tous,Bac,Tous,Tous,Tous,20.7,"[ 19,2 - 22,3 ]",3804.0,,2024,19.2,22.3,Santé générale
Limitation d'activité,Femmes,Tous,Aucun diplôme ou inférieur au Bac,Tous,Tous,Tous,35.1,"[ 33,5 - 36,6 ]",6008.0,,2024,33.5,36.6,Santé générale
Limitation d'activité,Femmes,Tous,Supérieur au Bac,Tous,Tous,Tous,20.8,"[ 19,8 - 21,9 ]",8332.0,,2024,19.8,21.9,Santé générale
Limitation d'activité,Tous,Tous,Tous,Tous,Cadres et professions intellectuelles supérieures,Tous,19.9,"[ 18,8 - 21,1 ]",6850.0,,2024,18.8,21.1,Santé générale
Limitation d'activité,Tous,Tous,Tous,Tous,Employés,Tous,29.1,"[ 27,9 - 30,3 ]",8759.0,,2024,27.9,30.3,Santé générale
Limitation d'activité,Hommes,Tous,Tous,Tous,Professions intermédiaires,Tous,22.7,"[ 21,1 - 24,4 ]",3792.0,,2024,21.1,24.4,Santé générale
Limitation d'activité,Femmes,Tous,Tous,Tous,Cadres et professions intellectuelles supérieures,Tous,19.5,"[ 17,8 - 21,2 ]",3002.0,,2024,17.8,21.2,Santé générale
Limitation d'activité,Femmes,Tous,Tous,Tous,Ouvriers,Tous,37.4,"[ 34,1 - 40,8 ]",1251.0,,2024,34.1,40.8,Santé générale
Limitation d'activité,Femmes,Tous,Tous,Tous,Professions intermédiaires,Tous,24.8,"[ 23,4 - 26,2 ]",5254.0,,2024,23.4,26.2,Santé générale
Limitation d'activité,Tous,Tous,Tous,Tous,Tous,"C’est juste, il faut faire attention",28.4,"[ 27,4 - 29,4 ]",11975.0,,2024,27.4,29.4,Santé générale
Limitation d'activité,Tous,Tous,Tous,Tous,Tous,Vous êtes à l’aise,16.3,"[ 15,1 - 17,6 ]",4850.0,,2024,15.1,17.6,Santé générale
Limitation d'activité,Hommes,Tous,Tous,Tous,Tous,"C’est juste, il faut faire attention",26.9,"[ 25,5 - 28,4 ]",5394.0,,2024,25.5,28.4,Santé générale
Limitation d'activité,Femmes,Tous,Tous,Tous,Tous,Ça va,21.5,"[ 20,3 - 22,7 ]",6630.0,,2024,20.3,22.7,Santé générale
Limitation d'activité,Tous,Tous,Tous,Grand Est,Tous,Tous,28.1,"[ 26,1 - 30,3 ]",2399.0,Pas de différence significative,2024,26.1,30.3,Santé générale
Limitation d'activité,Tous,Tous,Tous,Hauts-de-France,Tous,Tous,28.0,"[ 26,1 - 30,1 ]",2531.0,Supérieure,2024,26.1,30.1,Santé générale
Limitation d'activité,Tous,Tous,Tous,Martinique,Tous,Tous,30.6,"[ 27,1 - 34,3 ]",1359.0,Pas de différence significative,2024,27.1,34.3,Santé générale
Limitation d'activité,Tous,Tous,Tous,Normandie,Tous,Tous,25.4,"[ 23,1 - 27,8 ]",1668.0,Pas de différence significative,2024,23.1,27.8,Santé générale
Limitation d'activité,Tous,Tous,Tous,Nouvelle-Aquitaine,Tous,Tous,28.7,"[ 26,7 - 30,7 ]",2575.0,Pas de différence significative,2024,26.7,30.7,Santé générale
Limitation d'activité,Tous,Tous,Tous,Provence-Alpes-Côte d'Azur,Tous,Tous,28.0,"[ 25,9 - 30,2 ]",2143.0,Pas de différence significative,2024,25.9,30.2,Santé générale
Limitation d'activité,Tous,Tous,Tous,Tous,Tous,Tous,26.0,"[ 25,4 - 26,6 ]",34875.0,,2024,25.4,26.6,Santé générale
Limitation d'activité,Tous,18-29 ans,Tous,Tous,Tous,Tous,13.7,"[ 12,6 - 14,8 ]",6142.0,,2024,12.6,14.8,Santé générale
Limitation d'activité,Tous,60-69 ans,Tous,Tous,Tous,Tous,33.9,"[ 32,4 - 35,4 ]",6106.0,,2024,32.4,35.4,Santé générale
Limitation d'activité,Tous,70-79 ans,Tous,Tous,Tous,Tous,40.2,"[ 38,4 - 42,1 ]",4079.0,,2024,38.4,42.1,Santé générale
Limitation d'activité,Hommes,Tous,Tous,Tous,Tous,Tous,24.6,"[ 23,8 - 25,4 ]",16019.0,,2024,23.8,25.4,Santé générale
Limitation d'activité,Hommes,18-29 ans,Tous,Tous,Tous,Tous,12.4,"[ 10,9 - 14,0 ]",2841.0,,2024,10.9,14.0,Santé générale
Limitation d'activité,Hommes,50-59 ans,Tous,Tous,Tous,Tous,29.3,"[ 27,2 - 31,4 ]",3045.0,,2024,27.2,31.4,Santé générale
Limitation d'activité,Femmes,18-29 ans,Tous,Tous,Tous,Tous,15.0,"[ 13,5 - 16,7 ]",3301.0,,2024,13.5,16.7,Santé générale
Limitation d'activité,Femmes,30-39 ans,Tous,Tous,Tous,Tous,18.6,"[ 17,0 - 20,4 ]",3245.0,,2024,17.0,20.4,Santé générale
Limitation d'activité,Femmes,40-49 ans,Tous,Tous,Tous,Tous,26.4,"[ 24,5 - 28,3 ]",3360.0,,2024,24.5,28.3,Santé générale
Limitation d'activité,Femmes,50-59 ans,Tous,Tous,Tous,Tous,32.6,"[ 30,7 - 34,7 ]",3499.0,,2024,30.7,34.7,Santé générale
Limitation d'activité,Femmes,60-69 ans,Tous,Tous,Tous,Tous,34.5,"[ 32,4 - 36,6 ]",3308.0,,2024,32.4,36.6,Santé générale
Limitation d'activité,Femmes,70-79 ans,Tous,Tous,Tous,Tous,38.5,"[ 36,0 - 41,1 ]",2143.0,,2024,36.0,41.1,Santé générale
Limitation d'activité,Tous,Tous,Supérieur au Bac,Tous,Tous,Tous,19.4,"[ 18,6 - 20,1 ]",14702.0,,2024,18.6,20.1,Santé générale
Limitation d'activité,Hommes,Tous,Supérieur au Bac,Tous,Tous,Tous,17.6,"[ 16,5 - 18,7 ]",6370.0,,2024,16.5,18.7,Santé générale
Limitation d'activité,Femmes,Tous,Bac,Tous,Tous,Tous,24.2,"[ 22,7 - 25,8 ]",4516.0,,2024,22.7,25.8,Santé générale
Limitation d'activité,Hommes,Tous,Tous,Tous,Cadres et professions intellectuelles supérieures,Tous,20.3,"[ 18,8 - 21,8 ]",3848.0,,2024,18.8,21.8,Santé générale
Limitation d'activité,Hommes,Tous,Tous,Tous,Employés,Tous,26.1,"[ 23,6 - 28,8 ]",1768.0,,2024,23.6,28.8,Santé générale
Limitation d'activité,Femmes,Tous,Tous,Tous,"Agriculteurs, artisans, commerçants, chefs d’entreprise",Tous,27.8,"[ 24,2 - 31,6 ]",907.0,,2024,24.2,31.6,Santé générale
Limitation d'activité,Femmes,Tous,Tous,Tous,Employés,Tous,29.9,"[ 28,5 - 31,2 ]",6991.0,,2024,28.5,31.2,Santé générale
Limitation d'activité,Tous,Tous,Tous,Tous,Tous,Vous y arrivez difficilement ou vous ne pouvez pas y arriver sans faire de dette,40.1,"[ 38,4 - 41,9 ]",5573.0,,2024,38.4,41.9,Santé générale
Limitation d'activité,Tous,Tous,Tous,Tous,Tous,Ça va,20.7,"[ 19,8 - 21,5 ]",12477.0,,2024,19.8,21.5,Santé générale
Limitation d'activité,Hommes,Tous,Tous,Tous,Tous,Vous y arrivez difficilement ou vous ne pouvez pas y arriver sans faire de dette,37.4,"[ 34,8 - 40,0 ]",2381.0,,2024,34.8,40.0,Santé générale
Limitation d'activité,Hommes,Tous,Tous,Tous,Tous,Vous êtes à l’aise,16.1,"[ 14,4 - 18,0 ]",2397.0,,2024,14.4,18.0,Santé générale
Limitation d'activité,Hommes,Tous,Tous,Tous,Tous,Ça va,19.8,"[ 18,6 - 21,0 ]",5847.0,,2024,18.6,21.0,Santé générale
Limitation d'activité,Femmes,Tous,Tous,Tous,Tous,"C’est juste, il faut faire attention",29.8,"[ 28,4 - 31,2 ]",6581.0,,2024,28.4,31.2,Santé générale
Limitation d'activité,Femmes,Tous,Tous,Tous,Tous,Vous y arrivez difficilement ou vous ne pouvez pas y arriver sans faire de dette,42.6,"[ 40,2 - 45,0 ]",3192.0,,2024,40.2,45.0,Santé générale
Limitation d'activité,Tous,Tous,Tous,Bretagne,Tous,Tous,23.6,"[ 21,5 - 25,7 ]",1854.0,Inférieure,2024,21.5,25.7,Santé générale
Limitation d'activité,Tous,Tous,Tous,Corse,Tous,Tous,30.2,"[ 27,1 - 33,4 ]",1456.0,Supérieure,2024,27.1,33.4,Santé générale
Limitation d'activité,Tous,Tous,Tous,Guadeloupe,Tous,Tous,30.5,"[ 27,2 - 34,0 ]",1486.0,Pas de différence significative,2024,27.2,34.0,Santé générale
Limitation d'activité,Tous,Tous,Tous,Occitanie,Tous,Tous,28.1,"[ 26,1 - 30,1 ]",2572.0,Pas de différence significative,2024,26.1,30.1,Santé générale
Limitation d'activité,Tous,Tous,Tous,Pays de la Loire,Tous,Tous,23.9,"[ 21,9 - 26,0 ]",2023.0,Inférieure,2024,21.9,26.0,Santé générale
Limitation d'activité,Tous,Tous,Tous,Réunion,Tous,Tous,27.0,"[ 24,1 - 30,1 ]",1564.0,Pas de différence significative,2024,24.1,30.1,Santé générale
Limitation d'activité,Tous,30-39 ans,Tous,Tous,Tous,Tous,17.1,"[ 15,9 - 18,4 ]",5785.0,,2024,15.9,18.4,Santé générale
Limitation d'activité,Hommes,30-39 ans,Tous,Tous,Tous,Tous,15.6,"[ 13,9 - 17,4 ]",2540.0,,2024,13.9,17.4,Santé générale
Limitation d'activité,Hommes,40-49 ans,Tous,Tous,Tous,Tous,21.0,"[ 19,1 - 22,9 ]",2859.0,,2024,19.1,22.9,Santé générale
Limitation d'activité,Femmes,Tous,Tous,Tous,Tous,Tous,27.3,"[ 26,5 - 28,1 ]",18856.0,,2024,26.5,28.1,Santé générale
Limitation d'activité,Tous,Tous,Bac,Tous,Tous,Tous,22.5,"[ 21,4 - 23,6 ]",8320.0,,2024,21.4,23.6,Santé générale
Limitation d'activité,Tous,Tous,Tous,Tous,"Agriculteurs, artisans, commerçants, chefs d’entreprise",Tous,26.8,"[ 24,7 - 29,0 ]",2543.0,,2024,24.7,29.0,Santé générale
Limitation d'activité,Tous,Tous,Tous,Tous,Ouvriers,Tous,30.9,"[ 29,4 - 32,5 ]",5343.0,,2024,29.4,32.5,Santé générale
Limitation d'activité,Tous,Tous,Tous,Tous,Professions intermédiaires,Tous,23.9,"[ 22,8 - 24,9 ]",9046.0,,2024,22.8,24.9,Santé générale
Limitation d'activité,Hommes,Tous,Tous,Tous,"Agriculteurs, artisans, commerçants, chefs d’entreprise",Tous,26.3,"[ 23,7 - 29,1 ]",1636.0,,2024,23.7,29.1,Santé générale
Limitation d'activité,Hommes,Tous,Tous,Tous,Ouvriers,Tous,28.9,"[ 27,2 - 30,7 ]",4092.0,,2024,27.2,30.7,Santé générale
Limitation d'activité,Femmes,Tous,Tous,Tous,Tous,Vous êtes à l’aise,16.5,"[ 14,7 - 18,3 ]",2453.0,,2024,14.7,18.3,Santé générale
Limitation d'activité,Tous,Tous,Tous,Auvergne-Rhône-Alpes,Tous,Tous,25.4,"[ 23,6 - 27,2 ]",3039.0,Pas de différence significative,2024,23.6,27.2,Santé générale
Limitation d'activité,Tous,Tous,Tous,Bourgogne-Franche-Comté,Tous,Tous,27.7,"[ 25,1 - 30,4 ]",1553.0,Pas de différence significative,2024,25.1,30.4,Santé générale
Limitation d'activité,Tous,Tous,Tous,Centre-Val de Loire,Tous,Tous,25.8,"[ 23,3 - 28,5 ]",1481.0,Pas de différence significative,2024,23.3,28.5,Santé générale
Limitation d'activité,Tous,Tous,Tous,Guyane,Tous,Tous,26.4,"[ 22,2 - 30,8 ]",1294.0,Pas de différence significative,2024,22.2,30.8,Santé générale
Limitation d'activité,Tous,Tous,Tous,Ile-de-France,Tous,Tous,21.8,"[ 20,3 - 23,4 ]",3878.0,Inférieure,2024,20.3,23.4,Santé générale
Santé perçue bonne ou très bonne,Tous,Tous,Tous,Tous,Tous,Tous,68.0,"[ 67,3 - 68,6 ]",34902.0,,2024,67.3,68.6,Santé générale
Santé perçue bonne ou très bonne,Tous,18-29 ans,Tous,Tous,Tous,Tous,82.2,"[ 81,0 - 83,4 ]",6148.0,,2024,81.0,83.4,Santé générale
Santé perçue bonne ou très bonne,Hommes,Tous,Tous,Tous,Tous,Tous,70.3,"[ 69,4 - 71,2 ]",16031.0,,2024,69.4,71.2,Santé générale
Santé perçue bonne ou très bonne,Hommes,50-59 ans,Tous,Tous,Tous,Tous,65.6,"[ 63,5 - 67,7 ]",3048.0,,2024,63.5,67.7,Santé générale
Santé perçue bonne ou très bonne,Femmes,18-29 ans,Tous,Tous,Tous,Tous,78.9,"[ 77,1 - 80,6 ]",3307.0,,2024,77.1,80.6,Santé générale
Santé perçue bonne ou très bonne,Femmes,60-69 ans,Tous,Tous,Tous,Tous,57.0,"[ 54,8 - 59,1 ]",3307.0,,2024,54.8,59.1,Santé générale
Santé perçue bonne ou très bonne,Tous,Tous,Aucun diplôme ou inférieur au Bac,Tous,Tous,Tous,58.0,"[ 56,8 - 59,1 ]",11868.0,,2024,56.8,59.1,Santé générale
Santé perçue bonne ou très bonne,Tous,Tous,Bac,Tous,Tous,Tous,71.6,"[ 70,4 - 72,7 ]",8324.0,,2024,70.4,72.7,Santé générale
Santé perçue bonne ou très bonne,Tous,Tous,Supérieur au Bac,Tous,Tous,Tous,77.6,"[ 76,8 - 78,4 ]",14710.0,,2024,76.8,78.4,Santé générale
Santé perçue bonne ou très bonne,Hommes,Tous,Aucun diplôme ou inférieur au Bac,Tous,Tous,Tous,61.3,"[ 59,7 - 62,8 ]",5853.0,,2024,59.7,62.8,Santé générale
Santé perçue bonne ou très bonne,Hommes,Tous,Bac,Tous,Tous,Tous,73.9,"[ 72,2 - 75,5 ]",3808.0,,2024,72.2,75.5,Santé générale
Santé perçue bonne ou très bonne,Tous,Tous,Tous,Tous,Professions intermédiaires,Tous,71.1,"[ 69,9 - 72,2 ]",9052.0,,2024,69.9,72.2,Santé générale
Santé perçue bonne ou très bonne,Hommes,Tous,Tous,Tous,"Agriculteurs, artisans, commerçants, chefs d’entreprise",Tous,69.6,"[ 66,7 - 72,3 ]",1638.0,,2024,66.7,72.3,Santé générale
Santé perçue bonne ou très bonne,Hommes,Tous,Tous,Tous,Professions intermédiaires,Tous,70.9,"[ 69,0 - 72,6 ]",3795.0,,2024,69.0,72.6,Santé générale
Santé perçue bonne ou très bonne,Femmes,Tous,Tous,Tous,Cadres et professions intellectuelles supérieures,Tous,78.1,"[ 76,3 - 79,9 ]",3001.0,,2024,76.3,79.9,Santé générale
Santé perçue bonne ou très bonne,Femmes,Tous,Tous,Tous,Ouvriers,Tous,52.2,"[ 48,8 - 55,6 ]",1253.0,,2024,48.8,55.6,Santé générale
Santé perçue bonne ou très bonne,Tous,Tous,Tous,Tous,Tous,"C’est juste, il faut faire attention",64.1,"[ 63,0 - 65,2 ]",11996.0,,2024,63.0,65.2,Santé générale
Santé perçue bonne ou très bonne,Tous,Tous,Tous,Tous,Tous,Vous y arrivez difficilement ou vous ne pouvez pas y arriver sans faire de dette,50.4,"[ 48,6 - 52,2 ]",5580.0,,2024,48.6,52.2,Santé générale
Santé perçue bonne ou très bonne,Tous,Tous,Tous,Tous,Tous,Vous êtes à l’aise,82.5,"[ 81,1 - 83,8 ]",4851.0,,2024,81.1,83.8,Santé générale
Santé perçue bonne ou très bonne,Tous,Tous,Tous,Tous,Tous,Ça va,74.5,"[ 73,6 - 75,4 ]",12475.0,,2024,73.6,75.4,Santé générale
Santé perçue bonne ou très bonne,Hommes,Tous,Tous,Tous,Tous,"C’est juste, il faut faire attention",66.5,"[ 64,9 - 68,0 ]",5405.0,,2024,64.9,68.0,Santé générale
Santé perçue bonne ou très bonne,Hommes,Tous,Tous,Tous,Tous,Vous y arrivez difficilement ou vous ne pouvez pas y arriver sans faire de dette,53.9,"[ 51,2 - 56,5 ]",2384.0,,2024,51.2,56.5,Santé générale
Santé perçue bonne ou très bonne,Tous,Tous,Tous,Auvergne-Rhône-Alpes,Tous,Tous,69.3,"[ 67,4 - 71,2 ]",3042.0,Pas de différence significative,2024,67.4,71.2,Santé générale
Santé perçue bonne ou très bonne,Tous,Tous,Tous,Bretagne,Tous,Tous,71.0,"[ 68,8 - 73,2 ]",1856.0,Supérieure,2024,68.8,73.2,Santé générale
Santé perçue bonne ou très bonne,Tous,Tous,Tous,Hauts-de-France,Tous,Tous,65.0,"[ 62,9 - 67,1 ]",2532.0,Inférieure,2024,62.9,67.1,Santé générale
Santé perçue bonne ou très bonne,Tous,Tous,Tous,Ile-de-France,Tous,Tous,71.0,"[ 69,3 - 72,7 ]",3878.0,Pas de différence significative,2024,69.3,72.7,Santé générale
Santé perçue bonne ou très bonne,Tous,Tous,Tous,Martinique,Tous,Tous,52.4,"[ 48,7 - 56,1 ]",1361.0,Inférieure,2024,48.7,56.1,Santé générale
Santé perçue bonne ou très bonne,Tous,Tous,Tous,Pays de la Loire,Tous,Tous,71.0,"[ 68,7 - 73,2 ]",2026.0,Supérieure,2024,68.7,73.2,Santé générale
Santé perçue bonne ou très bonne,Tous,30-39 ans,Tous,Tous,Tous,Tous,79.4,"[ 78,1 - 80,7 ]",5790.0,,2024,78.1,80.7,Santé générale
Santé perçue bonne ou très bonne,Hommes,40-49 ans,Tous,Tous,Tous,Tous,72.5,"[ 70,3 - 74,5 ]",2863.0,,2024,70.3,74.5,Santé générale
Santé perçue bonne ou très bonne,Hommes,70-79 ans,Tous,Tous,Tous,Tous,49.2,"[ 46,5 - 52,0 ]",1936.0,,2024,46.5,52.0,Santé générale
Santé perçue bonne ou très bonne,Femmes,Tous,Tous,Tous,Tous,Tous,65.8,"[ 64,9 - 66,6 ]",18871.0,,2024,64.9,66.6,Santé générale
Santé perçue bonne ou très bonne,Femmes,30-39 ans,Tous,Tous,Tous,Tous,77.1,"[ 75,2 - 78,9 ]",3249.0,,2024,75.2,78.9,Santé générale
Santé perçue bonne ou très bonne,Femmes,40-49 ans,Tous,Tous,Tous,Tous,67.6,"[ 65,5 - 69,6 ]",3362.0,,2024,65.5,69.6,Santé générale
Santé perçue bonne ou très bonne,Femmes,50-59 ans,Tous,Tous,Tous,Tous,60.5,"[ 58,5 - 62,6 ]",3504.0,,2024,58.5,62.6,Santé générale
Santé perçue bonne ou très bonne,Femmes,70-79 ans,Tous,Tous,Tous,Tous,51.0,"[ 48,4 - 53,6 ]",2142.0,,2024,48.4,53.6,Santé générale
Santé perçue bonne ou très bonne,Hommes,Tous,Supérieur au Bac,Tous,Tous,Tous,79.9,"[ 78,8 - 81,1 ]",6370.0,,2024,78.8,81.1,Santé générale
Santé perçue bonne ou très bonne,Femmes,Tous,Aucun diplôme ou inférieur au Bac,Tous,Tous,Tous,54.5,"[ 52,9 - 56,1 ]",6015.0,,2024,52.9,56.1,Santé générale
Santé perçue bonne ou très bonne,Femmes,Tous,Bac,Tous,Tous,Tous,69.5,"[ 67,8 - 71,1 ]",4516.0,,2024,67.8,71.1,Santé générale
Santé perçue bonne ou très bonne,Tous,Tous,Tous,Tous,"Agriculteurs, artisans, commerçants, chefs d’entreprise",Tous,68.1,"[ 65,8 - 70,4 ]",2543.0,,2024,65.8,70.4,Santé générale
Santé perçue bonne ou très bonne,Tous,Tous,Tous,Tous,Cadres et professions intellectuelles supérieures,Tous,77.9,"[ 76,7 - 79,0 ]",6851.0,,2024,76.7,79.0,Santé générale
Santé perçue bonne ou très bonne,Hommes,Tous,Tous,Tous,Cadres et professions intellectuelles supérieures,Tous,77.7,"[ 76,2 - 79,3 ]",3850.0,,2024,76.2,79.3,Santé générale
Santé perçue bonne ou très bonne,Femmes,Tous,Tous,Tous,Tous,"C’est juste, il faut faire attention",61.9,"[ 60,4 - 63,4 ]",6591.0,,2024,60.4,63.4,Santé générale
Santé perçue bonne ou très bonne,Femmes,Tous,Tous,Tous,Tous,Vous y arrivez difficilement ou vous ne pouvez pas y arriver sans faire de dette,47.2,"[ 44,9 - 49,6 ]",3196.0,,2024,44.9,49.6,Santé générale
Santé perçue bonne ou très bonne,Femmes,Tous,Tous,Tous,Tous,Vous êtes à l’aise,82.1,"[ 80,2 - 84,0 ]",2453.0,,2024,80.2,84.0,Santé générale
Santé perçue bonne ou très bonne,Femmes,Tous,Tous,Tous,Tous,Ça va,72.6,"[ 71,2 - 73,9 ]",6631.0,,2024,71.2,73.9,Santé générale
Santé perçue bonne ou très bonne,Tous,Tous,Tous,Corse,Tous,Tous,68.4,"[ 65,5 - 71,2 ]",1459.0,Pas de différence significative,2024,65.5,71.2,Santé générale
Santé perçue bonne ou très bonne,Tous,Tous,Tous,Guadeloupe,Tous,Tous,53.4,"[ 49,8 - 57,0 ]",1490.0,Inférieure,2024,49.8,57.0,Santé générale
Santé perçue bonne ou très bonne,Tous,Tous,Tous,Normandie,Tous,Tous,67.7,"[ 65,1 - 70,2 ]",1669.0,Pas de différence significative,2024,65.1,70.2,Santé générale
Santé perçue bonne ou très bonne,Tous,Tous,Tous,Nouvelle-Aquitaine,Tous,Tous,66.3,"[ 64,2 - 68,3 ]",2574.0,Pas de différence significative,2024,64.2,68.3,Santé générale
Santé perçue bonne ou très bonne,Tous,Tous,Tous,Provence-Alpes-Côte d'Azur,Tous,Tous,68.1,"[ 65,8 - 70,3 ]",2147.0,Pas de différence significative,2024,65.8,70.3,Santé générale
Santé perçue bonne ou très bonne,Tous,40-49 ans,Tous,Tous,Tous,Tous,70.0,"[ 68,5 - 71,4 ]",6225.0,,2024,68.5,71.4,Santé générale
Santé perçue bonne ou très bonne,Tous,50-59 ans,Tous,Tous,Tous,Tous,63.0,"[ 61,5 - 64,5 ]",6552.0,,2024,61.5,64.5,Santé générale
Santé perçue bonne ou très bonne,Tous,60-69 ans,Tous,Tous,Tous,Tous,58.2,"[ 56,6 - 59,8 ]",6109.0,,2024,56.6,59.8,Santé générale
Santé perçue bonne ou très bonne,Tous,70-79 ans,Tous,Tous,Tous,Tous,50.2,"[ 48,3 - 52,1 ]",4078.0,,2024,48.3,52.1,Santé générale
Santé perçue bonne ou très bonne,Hommes,18-29 ans,Tous,Tous,Tous,Tous,85.5,"[ 83,8 - 87,1 ]",2841.0,,2024,83.8,87.1,Santé générale
Santé perçue bonne ou très bonne,Hommes,30-39 ans,Tous,Tous,Tous,Tous,81.9,"[ 80,0 - 83,7 ]",2541.0,,2024,80.0,83.7,Santé générale
Santé perçue bonne ou très bonne,Hommes,60-69 ans,Tous,Tous,Tous,Tous,59.6,"[ 57,3 - 61,8 ]",2802.0,,2024,57.3,61.8,Santé générale
Santé perçue bonne ou très bonne,Femmes,Tous,Supérieur au Bac,Tous,Tous,Tous,75.7,"[ 74,5 - 76,7 ]",8340.0,,2024,74.5,76.7,Santé générale
Santé perçue bonne ou très bonne,Tous,Tous,Tous,Tous,Employés,Tous,62.0,"[ 60,7 - 63,3 ]",8763.0,,2024,60.7,63.3,Santé générale
Santé perçue bonne ou très bonne,Tous,Tous,Tous,Tous,Ouvriers,Tous,61.7,"[ 60,1 - 63,3 ]",5350.0,,2024,60.1,63.3,Santé générale
Santé perçue bonne ou très bonne,Hommes,Tous,Tous,Tous,Employés,Tous,66.7,"[ 63,8 - 69,4 ]",1767.0,,2024,63.8,69.4,Santé générale
Santé perçue bonne ou très bonne,Hommes,Tous,Tous,Tous,Ouvriers,Tous,64.6,"[ 62,8 - 66,4 ]",4097.0,,2024,62.8,66.4,Santé générale
Santé perçue bonne ou très bonne,Femmes,Tous,Tous,Tous,"Agriculteurs, artisans, commerçants, chefs d’entreprise",Tous,65.3,"[ 61,3 - 69,3 ]",905.0,,2024,61.3,69.3,Santé générale
Santé perçue bonne ou très bonne,Femmes,Tous,Tous,Tous,Employés,Tous,60.8,"[ 59,3 - 62,2 ]",6996.0,,2024,59.3,62.2,Santé générale
Santé perçue bonne ou très bonne,Femmes,Tous,Tous,Tous,Professions intermédiaires,Tous,71.2,"[ 69,7 - 72,7 ]",5257.0,,2024,69.7,72.7,Santé générale
Santé perçue bonne ou très bonne,Hommes,Tous,Tous,Tous,Tous,Vous êtes à l’aise,82.9,"[ 80,9 - 84,7 ]",2398.0,,2024,80.9,84.7,Santé générale
Santé perçue bonne ou très bonne,Hommes,Tous,Tous,Tous,Tous,Ça va,76.6,"[ 75,3 - 77,9 ]",5844.0,,2024,75.3,77.9,Santé générale
Santé perçue bonne ou très bonne,Tous,Tous,Tous,Bourgogne-Franche-Comté,Tous,Tous,65.7,"[ 62,9 - 68,4 ]",1553.0,Pas de différence significative,2024,62.9,68.4,Santé générale
Santé perçue bonne ou très bonne,Tous,Tous,Tous,Centre-Val de Loire,Tous,Tous,66.7,"[ 63,9 - 69,4 ]",1480.0,Pas de différence significative,2024,63.9,69.4,Santé générale
Santé perçue bonne ou très bonne,Tous,Tous,Tous,Grand Est,Tous,Tous,65.4,"[ 63,2 - 67,6 ]",2398.0,Inférieure,2024,63.2,67.6,Santé générale
Santé perçue bonne ou très bonne,Tous,Tous,Tous,Guyane,Tous,Tous,61.8,"[ 57,4 - 66,1 ]",1295.0,Inférieure,2024,57.4,66.1,Santé générale
Santé perçue bonne ou très bonne,Tous,Tous,Tous,Occitanie,Tous,Tous,68.5,"[ 66,4 - 70,5 ]",2575.0,Pas de différence significative,2024,66.4,70.5,Santé générale
Santé perçue bonne ou très bonne,Tous,Tous,Tous,Réunion,Tous,Tous,56.2,"[ 52,8 - 59,5 ]",1567.0,Inférieure,2024,52.8,59.5,Santé générale
